sample_id,true_label,target_x,target_y,SCNR_dB,2T2R_det_prob,2T2R_det_pred,2T2R_pred_x,2T2R_pred_y,2T2R_pos_err_m,2T2R_correct_det,2T1R_det_prob,2T1R_det_pred,2T1R_pred_x,2T1R_pred_y,2T1R_pos_err_m,2T1R_correct_det,1T2R_det_prob,1T2R_det_pred,1T2R_pred_x,1T2R_pred_y,1T2R_pos_err_m,1T2R_correct_det,1T1R_det_prob,1T1R_det_pred,1T1R_pred_x,1T1R_pred_y,1T1R_pos_err_m,1T1R_correct_det
313,1,1.456359,45.683353,-26.023586,0.9824405,1,2.192768,43.123196,2.6639645,1,0.057110272,0,2.5857582,91.68378,46.01429,0,0.006078479,0,7.105709,91.663086,46.32549,0,0.023993187,0,1.6916351,86.06856,40.385887,0
737,1,2.5980544,36.01778,-45.258892,0.7882953,1,5.135746,49.773285,13.98763,1,0.07817448,0,13.020042,76.919624,42.20875,0,0.0075562834,0,16.62167,63.84303,31.159369,0,0.19932504,0,4.5432816,38.80668,3.400274,0
2441,0,,,,0.011557665,0,2.943348,77.92702,,1,0.8739257,1,-0.36535645,49.651524,,0,0.9944847,1,0.008739471,44.789413,,0,0.88076997,1,-0.55036545,61.71154,,0
2836,1,9.317668,54.538536,-37.645752,0.9999974,1,3.3481216,48.5246,8.4736595,1,0.42001253,0,7.0358734,44.80298,9.999384,0,0.0198102,0,11.96373,76.43909,22.059822,0,5.7194193e-05,0,20.871883,114.101875,60.673645,0
3628,1,2.1855361,34.29324,-47.673717,0.98735154,1,3.1840897,41.702175,7.4759235,1,0.08648774,0,12.150059,73.864174,40.80626,0,0.012187609,0,10.672192,48.851437,16.851244,0,0.009630777,0,7.984276,52.926903,19.51509,0
3801,1,7.93497,50.465664,-53.925114,0.9351442,1,4.881813,48.27792,3.7560606,1,0.49288988,0,12.338627,65.068016,15.251914,0,0.0020158726,0,17.16473,74.76167,25.990086,0,0.42159215,0,3.4208183,39.98123,11.414941,0
