sample_id,true_label,target_x,target_y,SCNR_dB,2T2R_det_prob,2T2R_det_pred,2T2R_pred_x,2T2R_pred_y,2T2R_pos_err_m,2T2R_correct_det,2T1R_det_prob,2T1R_det_pred,2T1R_pred_x,2T1R_pred_y,2T1R_pos_err_m,2T1R_correct_det,1T2R_det_prob,1T2R_det_pred,1T2R_pred_x,1T2R_pred_y,1T2R_pos_err_m,1T2R_correct_det,1T1R_det_prob,1T1R_det_pred,1T1R_pred_x,1T1R_pred_y,1T1R_pos_err_m,1T1R_correct_det
782,1,3.8328357,90.134415,-14.014405,0.016258918,0,9.338928,95.02042,7.36139,0,0.017966663,0,-4.347252,84.52401,9.919198,0,0.99999714,1,-3.7254028,92.14937,7.8222127,1,0.34776095,0,3.0460052,95.59454,5.5165305,0
1578,0,,,,0.96524173,1,2.2212753,41.42736,,0,1.0,1,-0.1634903,55.2837,,0,0.016397841,0,1.9836006,71.89139,,1,0.84727293,1,-1.360817,62.05229,,0
4658,1,-2.7275183,119.486046,-17.52845,0.004622979,0,2.5439186,98.549286,21.590183,0,0.3308672,0,-5.4847984,107.8075,11.999623,0,0.94096565,1,-6.0273895,103.79957,16.029808,1,0.12987797,0,-2.0067825,103.472466,16.02979,0
